<?xml version="1.0" encoding="UTF-8" standalone="yes"?>
<addon id="repository.nawafstream" name="NawafStream Repo" version="1.0.0" provider-name="Abo Nawaf">
    <extension point="xbmc.addon.repository" name="NawafStream Repo">
        <info compressed="false">https://alonzrhdr.github.io/Alonzyhdr/addons.xml</info>
        <checksum>https://alonzrhdr.github.io/Alonzyhdr/addons.xml.md5</checksum>
        <datadir>https://alonzrhdr.github.io/Alonzyhdr/zips/</datadir>
    </extension>
    <extension point="xbmc.addon.metadata">
        <summary lang="en">NawafStream Repository</summary>
        <description lang="en">Official repository for NawafStream Kodi Add-on</description>
        <platform>all</platform>
    </extension>
</addon>
